alpha,beta,mae,median_ae,r2,n,segment
0.551534113487546,297.15605223285314,435.4202213100508,256.4965818424148,0.7086599462695895,48713,Overall
0.5151318804965873,317.55147509008884,412.6498916154178,238.79790703141498,0.7050538008901049,42573,Core
0.580735311490112,368.22473820918367,576.9031593208457,268.257159227001,0.5639769264743861,6140,Non-Core
0.7682742525664923,340.71312496326425,395.89616651888775,170.6436168947689,0.86826271672141,23796,Trip
0.3295671449809012,360.1563723562117,235.3864061595232,112.6006720758578,0.32897466133244924,24917,Direct
0.9196258909192744,0.0005750279457236237,404.9900242569095,355.35180866358905,0.8799195142465259,20196,Core_Trip
0.3027164622697707,377.607193437215,158.56570580757625,115.00271225639722,0.566821211492764,22377,Core_Direct
0.6442952345674493,0.0003804381097207492,579.9726861970485,398.9946657440154,0.6717997040622211,3600,NonCore_Trip
0.7629671382164767,85.2335117469956,664.6528252295292,380.59537926566577,0.3421194171819497,2540,NonCore_Direct
